name,gender
Jacob,boy
Michael,boy
Ethan,boy
Joshua,boy
Daniel,boy
Alexander,boy
Anthony,boy
William,boy
Christopher,boy
Matthew,boy
Jayden,boy
Andrew,boy
Joseph,boy
David,boy
Noah,boy
Aiden,boy
James,boy
Ryan,boy
Logan,boy
John,boy
Nathan,boy
Elijah,boy
Christian,boy
Gabriel,boy
Benjamin,boy
Jonathan,boy
Tyler,boy
Samuel,boy
Nicholas,boy
Gavin,boy
Dylan,boy
Jackson,boy
Brandon,boy
Caleb,boy
Mason,boy
Angel,boy
Isaac,boy
Evan,boy
Jack,boy
Kevin,boy
Jose,boy
Isaiah,boy
Luke,boy
Landon,boy
Justin,boy
Lucas,boy
Zachary,boy
Jordan,boy
Robert,boy
Aaron,boy
Brayden,boy
Thomas,boy
Cameron,boy
Hunter,boy
Austin,boy
Adrian,boy
Connor,boy
Owen,boy
Aidan,boy
Jason,boy
Julian,boy
Wyatt,boy
Charles,boy
Luis,boy
Carter,boy
Juan,boy
Chase,boy
Diego,boy
Jeremiah,boy
Brody,boy
Xavier,boy
Adam,boy
Carlos,boy
Sebastian,boy
Liam,boy
Hayden,boy
Nathaniel,boy
Henry,boy
Jesus,boy
Ian,boy
Tristan,boy
Bryan,boy
Sean,boy
Cole,boy
Alex,boy
Eric,boy
Brian,boy
Jaden,boy
Carson,boy
Blake,boy
Ayden,boy
Cooper,boy
Dominic,boy
Brady,boy
Caden,boy
Josiah,boy
Kyle,boy
Colton,boy
Kaden,boy
Eli,boy
Miguel,boy
Antonio,boy
Parker,boy
Steven,boy
Alejandro,boy
Riley,boy
Richard,boy
Timothy,boy
Devin,boy
Jesse,boy
Victor,boy
Jake,boy
Joel,boy
Colin,boy
Kaleb,boy
Bryce,boy
Levi,boy
Oliver,boy
Oscar,boy
Vincent,boy
Ashton,boy
Cody,boy
Micah,boy
Preston,boy
Marcus,boy
Max,boy
Patrick,boy
Seth,boy
Jeremy,boy
Peyton,boy
Nolan,boy
Ivan,boy
Damian,boy
Maxwell,boy
Alan,boy
Kenneth,boy
Jonah,boy
Jorge,boy
Mark,boy
Giovanni,boy
Eduardo,boy
Grant,boy
Collin,boy
Gage,boy
Omar,boy
Emmanuel,boy
Trevor,boy
Edward,boy
Ricardo,boy
Cristian,boy
Nicolas,boy
Kayden,boy
George,boy
Jaxon,boy
Paul,boy
Braden,boy
Elias,boy
Andres,boy
Derek,boy
Garrett,boy
Tanner,boy
Malachi,boy
Conner,boy
Fernando,boy
Cesar,boy
Javier,boy
Miles,boy
Jaiden,boy
Alexis,boy
Leonardo,boy
Santiago,boy
Francisco,boy
Cayden,boy
Shane,boy
Edwin,boy
Hudson,boy
Travis,boy
Bryson,boy
Erick,boy
Jace,boy
Hector,boy
Josue,boy
Peter,boy
Jaylen,boy
Mario,boy
Manuel,boy
Abraham,boy
Grayson,boy
Damien,boy
Kaiden,boy
Spencer,boy
Stephen,boy
Edgar,boy
Wesley,boy
Shawn,boy
Trenton,boy
Jared,boy
Jeffrey,boy
Landen,boy
Johnathan,boy
Bradley,boy
Braxton,boy
Ryder,boy
Camden,boy
Roman,boy
Asher,boy
Brendan,boy
Maddox,boy
Sergio,boy
Israel,boy
Andy,boy
Lincoln,boy
Erik,boy
Donovan,boy
Raymond,boy
Avery,boy
Rylan,boy
Dalton,boy
Harrison,boy
Andre,boy
Martin,boy
Keegan,boy
Marco,boy
Jude,boy
Sawyer,boy
Dakota,boy
Leo,boy
Calvin,boy
Kai,boy
Drake,boy
Troy,boy
Zion,boy
Clayton,boy
Roberto,boy
Zane,boy
Gregory,boy
Tucker,boy
Rafael,boy
Kingston,boy
Dominick,boy
Ezekiel,boy
Griffin,boy
Devon,boy
Drew,boy
Lukas,boy
Johnny,boy
Ty,boy
Pedro,boy
Tyson,boy
Caiden,boy
Mateo,boy
Braylon,boy
Cash,boy
Aden,boy
Chance,boy
Taylor,boy
Marcos,boy
Maximus,boy
Ruben,boy
Emanuel,boy
Simon,boy
Corbin,boy
Brennan,boy
Dillon,boy
Skyler,boy
Myles,boy
Xander,boy
Jaxson,boy
Dawson,boy
Kameron,boy
Kyler,boy
Axel,boy
Colby,boy
Jonas,boy
Joaquin,boy
Payton,boy
Brock,boy
Frank,boy
Enrique,boy
Quinn,boy
Emilio,boy
Malik,boy
Grady,boy
Angelo,boy
Julio,boy
Derrick,boy
Raul,boy
Fabian,boy
Corey,boy
Gerardo,boy
Dante,boy
Ezra,boy
Armando,boy
Allen,boy
Theodore,boy
Gael,boy
Amir,boy
Zander,boy
Adan,boy
Maximilian,boy
Randy,boy
Easton,boy
Dustin,boy
Luca,boy
Phillip,boy
Julius,boy
Charlie,boy
Ronald,boy
Jakob,boy
Cade,boy
Brett,boy
Trent,boy
Silas,boy
Keith,boy
Emiliano,boy
Trey,boy
Jalen,boy
Darius,boy
Lane,boy
Jerry,boy
Jaime,boy
Scott,boy
Graham,boy
Weston,boy
Braydon,boy
Anderson,boy
Rodrigo,boy
Pablo,boy
Saul,boy
Danny,boy
Donald,boy
Elliot,boy
Brayan,boy
Dallas,boy
Lorenzo,boy
Casey,boy
Mitchell,boy
Alberto,boy
Tristen,boy
Rowan,boy
Jayson,boy
Gustavo,boy
Aaden,boy
Amari,boy
Dean,boy
Braeden,boy
Declan,boy
Chris,boy
Ismael,boy
Dane,boy
Louis,boy
Arturo,boy
Brenden,boy
Felix,boy
Jimmy,boy
Cohen,boy
Tony,boy
Holden,boy
Reid,boy
Abel,boy
Bennett,boy
Zackary,boy
Arthur,boy
Nehemiah,boy
Ricky,boy
Esteban,boy
Cruz,boy
Finn,boy
Mauricio,boy
Dennis,boy
Keaton,boy
Albert,boy
Marvin,boy
Mathew,boy
Larry,boy
Moises,boy
Issac,boy
Philip,boy
Quentin,boy
Curtis,boy
Greyson,boy
Jameson,boy
Everett,boy
Jayce,boy
Darren,boy
Elliott,boy
Uriel,boy
Alfredo,boy
Hugo,boy
Alec,boy
Jamari,boy
Marshall,boy
Walter,boy
Judah,boy
Jay,boy
Lance,boy
Beau,boy
Ali,boy
Landyn,boy
Yahir,boy
Phoenix,boy
Nickolas,boy
Kobe,boy
Bryant,boy
Maurice,boy
Russell,boy
Leland,boy
Colten,boy
Reed,boy
Davis,boy
Joe,boy
Ernesto,boy
Desmond,boy
Kade,boy
Reece,boy
Morgan,boy
Ramon,boy
Rocco,boy
Orlando,boy
Ryker,boy
Brodie,boy
Paxton,boy
Jacoby,boy
Douglas,boy
Kristopher,boy
Gary,boy
Lawrence,boy
Izaiah,boy
Solomon,boy
Nikolas,boy
Mekhi,boy
Justice,boy
Tate,boy
Jaydon,boy
Salvador,boy
Shaun,boy
Alvin,boy
Eddie,boy
Kane,boy
Davion,boy
Zachariah,boy
Dorian,boy
Titus,boy
Kellen,boy
Camron,boy
Isiah,boy
Javon,boy
Nasir,boy
Milo,boy
Johan,boy
Byron,boy
Jasper,boy
Jonathon,boy
Chad,boy
Marc,boy
Kelvin,boy
Chandler,boy
Sam,boy
Cory,boy
Deandre,boy
River,boy
Reese,boy
Roger,boy
Quinton,boy
Talon,boy
Romeo,boy
Franklin,boy
Noel,boy
Alijah,boy
Guillermo,boy
Gunner,boy
Damon,boy
Jadon,boy
Emerson,boy
Micheal,boy
Bruce,boy
Terry,boy
Kolton,boy
Melvin,boy
Beckett,boy
Porter,boy
August,boy
Brycen,boy
Dayton,boy
Jamarion,boy
Leonel,boy
Karson,boy
Zayden,boy
Keagan,boy
Carl,boy
Khalil,boy
Cristopher,boy
Nelson,boy
Braiden,boy
Moses,boy
Isaias,boy
Roy,boy
Triston,boy
Walker,boy
Kale,boy
Jermaine,boy
Leon,boy
Rodney,boy
Kristian,boy
Mohamed,boy
Ronan,boy
Pierce,boy
Trace,boy
Warren,boy
Jeffery,boy
Maverick,boy
Cyrus,boy
Quincy,boy
Nathanael,boy
Skylar,boy
Tommy,boy
Conor,boy
Noe,boy
Ezequiel,boy
Demetrius,boy
Jaylin,boy
Kendrick,boy
Frederick,boy
Terrance,boy
Bobby,boy
Jamison,boy
Jon,boy
Rohan,boy
Jett,boy
Kieran,boy
Tobias,boy
Ari,boy
Colt,boy
Gideon,boy
Felipe,boy
Kenny,boy
Wilson,boy
Orion,boy
Kamari,boy
Gunnar,boy
Jessie,boy
Alonzo,boy
Gianni,boy
Omari,boy
Waylon,boy
Malcolm,boy
Emmett,boy
Abram,boy
Julien,boy
London,boy
Tomas,boy
Allan,boy
Terrell,boy
Matteo,boy
Tristin,boy
Jairo,boy
Reginald,boy
Brent,boy
Ahmad,boy
Yandel,boy
Rene,boy
Willie,boy
Boston,boy
Billy,boy
Marlon,boy
Trevon,boy
Aydan,boy
Jamal,boy
Aldo,boy
Ariel,boy
Cason,boy
Braylen,boy
Javion,boy
Joey,boy
Rogelio,boy
Ahmed,boy
Dominik,boy
Brendon,boy
Toby,boy
Kody,boy
Marquis,boy
Ulises,boy
Armani,boy
Adriel,boy
Alfonso,boy
Branden,boy
Will,boy
Craig,boy
Ibrahim,boy
Osvaldo,boy
Wade,boy
Harley,boy
Steve,boy
Davin,boy
Deshawn,boy
Kason,boy
Damion,boy
Jaylon,boy
Jefferson,boy
Aron,boy
Brooks,boy
Darian,boy
Gerald,boy
Rolando,boy
Terrence,boy
Enzo,boy
Kian,boy
Ryland,boy
Barrett,boy
Jaeden,boy
Ben,boy
Bradyn,boy
Giovani,boy
Blaine,boy
Madden,boy
Jerome,boy
Muhammad,boy
Ronnie,boy
Layne,boy
Kolby,boy
Leonard,boy
Vicente,boy
Cale,boy
Alessandro,boy
Zachery,boy
Gavyn,boy
Aydin,boy
Xzavier,boy
Malakai,boy
Raphael,boy
Cannon,boy
Rudy,boy
Asa,boy
Darrell,boy
Giancarlo,boy
Elisha,boy
Junior,boy
Zackery,boy
Alvaro,boy
Lewis,boy
Valentin,boy
Deacon,boy
Jase,boy
Harry,boy
Kendall,boy
Rashad,boy
Finnegan,boy
Mohammed,boy
Ramiro,boy
Cedric,boy
Brennen,boy
Santino,boy
Stanley,boy
Tyrone,boy
Chace,boy
Francis,boy
Johnathon,boy
Teagan,boy
Zechariah,boy
Alonso,boy
Kaeden,boy
Kamden,boy
Gilberto,boy
Ray,boy
Karter,boy
Luciano,boy
Nico,boy
Kole,boy
Aryan,boy
Draven,boy
Jamie,boy
Misael,boy
Lee,boy
Alexzander,boy
Camren,boy
Giovanny,boy
Amare,boy
Rhett,boy
Rhys,boy
Rodolfo,boy
Nash,boy
Markus,boy
Deven,boy
Mohammad,boy
Moshe,boy
Quintin,boy
Dwayne,boy
Memphis,boy
Atticus,boy
Davian,boy
Eugene,boy
Jax,boy
Antoine,boy
Wayne,boy
Randall,boy
Semaj,boy
Uriah,boy
Clark,boy
Aidyn,boy
Jorden,boy
Maxim,boy
Aditya,boy
Lawson,boy
Messiah,boy
Korbin,boy
Sullivan,boy
Freddy,boy
Demarcus,boy
Neil,boy
Brice,boy
King,boy
Davon,boy
Elvis,boy
Ace,boy
Dexter,boy
Heath,boy
Duncan,boy
Jamar,boy
Sincere,boy
Irvin,boy
Remington,boy
Kadin,boy
Soren,boy
Tyree,boy
Damarion,boy
Talan,boy
Adrien,boy
Gilbert,boy
Keenan,boy
Darnell,boy
Adolfo,boy
Tristian,boy
Derick,boy
Isai,boy
Rylee,boy
Gauge,boy
Harold,boy
Kareem,boy
Deangelo,boy
Agustin,boy
Coleman,boy
Zavier,boy
Lamar,boy
Emery,boy
Jaydin,boy
Devan,boy
Jordyn,boy
Mathias,boy
Prince,boy
Sage,boy
Seamus,boy
Jasiah,boy
Efrain,boy
Darryl,boy
Arjun,boy
Mike,boy
Roland,boy
Conrad,boy
Kamron,boy
Hamza,boy
Santos,boy
Frankie,boy
Dominique,boy
Marley,boy
Vance,boy
Dax,boy
Jamir,boy
Kylan,boy
Todd,boy
Maximo,boy
Jabari,boy
Matthias,boy
Haiden,boy
Luka,boy
Marcelo,boy
Keon,boy
Layton,boy
Tyrell,boy
Kash,boy
Raiden,boy
Cullen,boy
Donte,boy
Jovani,boy
Cordell,boy
Kasen,boy
Rory,boy
Alfred,boy
Darwin,boy
Ernest,boy
Bailey,boy
Gaige,boy
Hassan,boy
Jamarcus,boy
Killian,boy
Augustus,boy
Trevin,boy
Zain,boy
Ellis,boy
Rex,boy
Yusuf,boy
Bruno,boy
Jaidyn,boy
Justus,boy
Ronin,boy
Humberto,boy
Jaquan,boy
Josh,boy
Kasey,boy
Winston,boy
Dashawn,boy
Lucian,boy
Matias,boy
Sidney,boy
Ignacio,boy
Nigel,boy
Van,boy
Elian,boy
Finley,boy
Jaron,boy
Addison,boy
Aedan,boy
Braedon,boy
Jadyn,boy
Konner,boy
Zayne,boy
Franco,boy
Niko,boy
Savion,boy
Cristofer,boy
Deon,boy
Krish,boy
Anton,boy
Brogan,boy
Cael,boy
Coby,boy
Kymani,boy
Marcel,boy
Yair,boy
Dale,boy
Bo,boy
Jordon,boy
Samir,boy
Darien,boy
Zaire,boy
Ross,boy
Vaughn,boy
Devyn,boy
Kenyon,boy
Clay,boy
Dario,boy
Ishaan,boy
Jair,boy
Kael,boy
Adonis,boy
Jovanny,boy
Clinton,boy
Rey,boy
Chaim,boy
German,boy
Harper,boy
Nathen,boy
Rigoberto,boy
Sonny,boy
Glenn,boy
Octavio,boy
Blaze,boy
Keshawn,boy
Ralph,boy
Ean,boy
Nikhil,boy
Rayan,boy
Sterling,boy
Branson,boy
Jadiel,boy
Dillan,boy
Jeramiah,boy
Koen,boy
Konnor,boy
Antwan,boy
Houston,boy
Tyrese,boy
Dereon,boy
Leonidas,boy
Zack,boy
Fisher,boy
Jaydan,boy
Quinten,boy
Nick,boy
Urijah,boy
Darion,boy
Jovan,boy
Salvatore,boy
Beckham,boy
Jarrett,boy
Antony,boy
Eden,boy
Makai,boy
Zaiden,boy
Broderick,boy
Camryn,boy
Malaki,boy
Nikolai,boy
Howard,boy
Immanuel,boy
Demarion,boy
Valentino,boy
Jovanni,boy
Ayaan,boy
Ethen,boy
Leandro,boy
Royce,boy
Yael,boy
Yosef,boy
Jean,boy
Marquise,boy
Alden,boy
Leroy,boy
Gaven,boy
Jovany,boy
Tyshawn,boy
Aarav,boy
Kadyn,boy
Milton,boy
Zaid,boy
Kelton,boy
Tripp,boy
Kamren,boy
Slade,boy
Hezekiah,boy
Jakobe,boy
Nathanial,boy
Rishi,boy
Shamar,boy
Geovanni,boy
Pranav,boy
Roderick,boy
Bentley,boy
Clarence,boy
Lyric,boy
Bernard,boy
Carmelo,boy
Denzel,boy
Maximillian,boy
Reynaldo,boy
Cassius,boy
Gordon,boy
Reuben,boy
Samson,boy
Yadiel,boy
Jayvon,boy
Reilly,boy
Sheldon,boy
Abdullah,boy
Jagger,boy
Thaddeus,boy
Case,boy
Kyson,boy
Lamont,boy
Chaz,boy
Makhi,boy
Jan,boy
Marques,boy
Oswaldo,boy
Donavan,boy
Keyon,boy
Kyan,boy
Simeon,boy
Trystan,boy
Andreas,boy
Dangelo,boy
Landin,boy
Reagan,boy
Turner,boy
Arnav,boy
Brenton,boy
Callum,boy
Jayvion,boy
Bridger,boy
Sammy,boy
Deegan,boy
Jaylan,boy
Lennon,boy
Odin,boy
Abdiel,boy
Jerimiah,boy
Eliezer,boy
Bronson,boy
Cornelius,boy
Pierre,boy
Cortez,boy
Baron,boy
Carlo,boy
Carsen,boy
Fletcher,boy
Izayah,boy
Kolten,boy
Damari,boy
Hugh,boy
Jensen,boy
Yurem,boy
Emma,girl
Isabella,girl
Emily,girl
Madison,girl
Ava,girl
Olivia,girl
Sophia,girl
Abigail,girl
Elizabeth,girl
Chloe,girl
Samantha,girl
Addison,girl
Natalie,girl
Mia,girl
Alexis,girl
Alyssa,girl
Hannah,girl
Ashley,girl
Ella,girl
Sarah,girl
Grace,girl
Taylor,girl
Brianna,girl
Lily,girl
Hailey,girl
Anna,girl
Victoria,girl
Kayla,girl
Lillian,girl
Lauren,girl
Kaylee,girl
Allison,girl
Savannah,girl
Nevaeh,girl
Gabriella,girl
Sofia,girl
Makayla,girl
Avery,girl
Riley,girl
Julia,girl
Leah,girl
Aubrey,girl
Jasmine,girl
Audrey,girl
Katherine,girl
Morgan,girl
Brooklyn,girl
Destiny,girl
Sydney,girl
Alexa,girl
Kylie,girl
Brooke,girl
Kaitlyn,girl
Evelyn,girl
Layla,girl
Madeline,girl
Kimberly,girl
Zoe,girl
Jessica,girl
Peyton,girl
Alexandra,girl
Claire,girl
Madelyn,girl
Maria,girl
Mackenzie,girl
Arianna,girl
Jocelyn,girl
Amelia,girl
Angelina,girl
Trinity,girl
Andrea,girl
Maya,girl
Valeria,girl
Sophie,girl
Rachel,girl
Vanessa,girl
Aaliyah,girl
Mariah,girl
Gabrielle,girl
Katelyn,girl
Ariana,girl
Bailey,girl
Camila,girl
Jennifer,girl
Melanie,girl
Gianna,girl
Charlotte,girl
Paige,girl
Autumn,girl
Payton,girl
Faith,girl
Sara,girl
Isabelle,girl
Caroline,girl
Genesis,girl
Isabel,girl
Mary,girl
Zoey,girl
Gracie,girl
Megan,girl
Haley,girl
Mya,girl
Michelle,girl
Molly,girl
Stephanie,girl
Nicole,girl
Jenna,girl
Natalia,girl
Sadie,girl
Jada,girl
Serenity,girl
Lucy,girl
Ruby,girl
Eva,girl
Kennedy,girl
Rylee,girl
Jayla,girl
Naomi,girl
Rebecca,girl
Lydia,girl
Daniela,girl
Bella,girl
Keira,girl
Adriana,girl
Lilly,girl
Hayden,girl
Miley,girl
Katie,girl
Jade,girl
Jordan,girl
Gabriela,girl
Amy,girl
Angela,girl
Melissa,girl
Valerie,girl
Giselle,girl
Diana,girl
Amanda,girl
Kate,girl
Laila,girl
Reagan,girl
Jordyn,girl
Kylee,girl
Danielle,girl
Briana,girl
Marley,girl
Leslie,girl
Kendall,girl
Catherine,girl
Liliana,girl
Mckenzie,girl
Jacqueline,girl
Ashlyn,girl
Reese,girl
Marissa,girl
London,girl
Juliana,girl
Shelby,girl
Cheyenne,girl
Angel,girl
Daisy,girl
Makenzie,girl
Miranda,girl
Erin,girl
Amber,girl
Alana,girl
Ellie,girl
Breanna,girl
Ana,girl
Mikayla,girl
Summer,girl
Piper,girl
Adrianna,girl
Jillian,girl
Sierra,girl
Jayden,girl
Sienna,girl
Alicia,girl
Lila,girl
Margaret,girl
Alivia,girl
Brooklynn,girl
Karen,girl
Violet,girl
Sabrina,girl
Stella,girl
Aniyah,girl
Annabelle,girl
Alexandria,girl
Kathryn,girl
Skylar,girl
Aliyah,girl
Delilah,girl
Julianna,girl
Kelsey,girl
Khloe,girl
Carly,girl
Amaya,girl
Mariana,girl
Christina,girl
Alondra,girl
Tessa,girl
Eliana,girl
Bianca,girl
Jazmin,girl
Clara,girl
Vivian,girl
Josephine,girl
Delaney,girl
Scarlett,girl
Elena,girl
Cadence,girl
Alexia,girl
Maggie,girl
Laura,girl
Nora,girl
Ariel,girl
Elise,girl
Nadia,girl
Mckenna,girl
Chelsea,girl
Lyla,girl
Alaina,girl
Jasmin,girl
Hope,girl
Leila,girl
Caitlyn,girl
Cassidy,girl
Makenna,girl
Allie,girl
Izabella,girl
Eden,girl
Callie,girl
Haylee,girl
Caitlin,girl
Kendra,girl
Karina,girl
Kyra,girl
Kayleigh,girl
Addyson,girl
Kiara,girl
Jazmine,girl
Karla,girl
Camryn,girl
Alina,girl
Lola,girl
Kyla,girl
Kelly,girl
Fatima,girl
Tiffany,girl
Kira,girl
Crystal,girl
Mallory,girl
Esmeralda,girl
Alejandra,girl
Eleanor,girl
Angelica,girl
Jayda,girl
Abby,girl
Kara,girl
Veronica,girl
Carmen,girl
Jamie,girl
Ryleigh,girl
Valentina,girl
Allyson,girl
Dakota,girl
Kamryn,girl
Courtney,girl
Cecilia,girl
Madeleine,girl
Aniya,girl
Alison,girl
Esther,girl
Heaven,girl
Aubree,girl
Lindsey,girl
Leilani,girl
Nina,girl
Melody,girl
Macy,girl
Ashlynn,girl
Joanna,girl
Cassandra,girl
Alayna,girl
Kaydence,girl
Madilyn,girl
Aurora,girl
Heidi,girl
Emerson,girl
Kimora,girl
Madalyn,girl
Erica,girl
Josie,girl
Katelynn,girl
Guadalupe,girl
Harper,girl
Ivy,girl
Lexi,girl
Camille,girl
Savanna,girl
Dulce,girl
Daniella,girl
Lucia,girl
Emely,girl
Joselyn,girl
Kiley,girl
Kailey,girl
Miriam,girl
Cynthia,girl
Rihanna,girl
Georgia,girl
Rylie,girl
Harmony,girl
Kiera,girl
Kyleigh,girl
Monica,girl
Bethany,girl
Kaylie,girl
Cameron,girl
Teagan,girl
Cora,girl
Brynn,girl
Ciara,girl
Genevieve,girl
Alice,girl
Maddison,girl
Eliza,girl
Tatiana,girl
Jaelyn,girl
Erika,girl
Ximena,girl
April,girl
Marely,girl
Julie,girl
Danica,girl
Presley,girl
Brielle,girl
Julissa,girl
Angie,girl
Iris,girl
Brenda,girl
Hazel,girl
Rose,girl
Malia,girl
Shayla,girl
Fiona,girl
Phoebe,girl
Nayeli,girl
Paola,girl
Kaelyn,girl
Selena,girl
Audrina,girl
Rebekah,girl
Carolina,girl
Janiyah,girl
Michaela,girl
Penelope,girl
Janiya,girl
Anastasia,girl
Adeline,girl
Ruth,girl
Sasha,girl
Denise,girl
Holly,girl
Madisyn,girl
Hanna,girl
Tatum,girl
Marlee,girl
Nataly,girl
Helen,girl
Janelle,girl
Lizbeth,girl
Serena,girl
Anya,girl
Jaslene,girl
Kaylin,girl
Jazlyn,girl
Nancy,girl
Lindsay,girl
Desiree,girl
Hayley,girl
Itzel,girl
Imani,girl
Madelynn,girl
Asia,girl
Kadence,girl
Madyson,girl
Talia,girl
Jane,girl
Kayden,girl
Annie,girl
Amari,girl
Bridget,girl
Raegan,girl
Jadyn,girl
Celeste,girl
Jimena,girl
Luna,girl
Yasmin,girl
Emilia,girl
Annika,girl
Estrella,girl
Sarai,girl
Lacey,girl
Ayla,girl
Alessandra,girl
Willow,girl
Nyla,girl
Dayana,girl
Lilah,girl
Lilliana,girl
Natasha,girl
Hadley,girl
Harley,girl
Priscilla,girl
Claudia,girl
Allisson,girl
Baylee,girl
Brenna,girl
Brittany,girl
Skyler,girl
Fernanda,girl
Danna,girl
Melany,girl
Cali,girl
Lia,girl
Macie,girl
Lyric,girl
Logan,girl
Gloria,girl
Lana,girl
Mylee,girl
Cindy,girl
Lilian,girl
Amira,girl
Anahi,girl
Alissa,girl
Anaya,girl
Lena,girl
Ainsley,girl
Sandra,girl
Noelle,girl
Marisol,girl
Meredith,girl
Kailyn,girl
Lesly,girl
Johanna,girl
Diamond,girl
Evangeline,girl
Juliet,girl
Kathleen,girl
Meghan,girl
Paisley,girl
Athena,girl
Hailee,girl
Rosa,girl
Wendy,girl
Emilee,girl
Sage,girl
Alanna,girl
Elaina,girl
Cara,girl
Nia,girl
Paris,girl
Casey,girl
Dana,girl
Emery,girl
Rowan,girl
Aubrie,girl
Kaitlin,girl
Jaden,girl
Kenzie,girl
Kiana,girl
Viviana,girl
Norah,girl
Lauryn,girl
Perla,girl
Amiyah,girl
Alyson,girl
Rachael,girl
Shannon,girl
Aileen,girl
Miracle,girl
Lillie,girl
Danika,girl
Heather,girl
Kassidy,girl
Taryn,girl
Tori,girl
Francesca,girl
Kristen,girl
Amya,girl
Elle,girl
Kristina,girl
Cheyanne,girl
Haylie,girl
Patricia,girl
Anne,girl
Samara,girl
Skye,girl
Kali,girl
America,girl
Lexie,girl
Parker,girl
Halle,girl
Londyn,girl
Abbigail,girl
Linda,girl
Hallie,girl
Saniya,girl
Bryanna,girl
Bailee,girl
Jaylynn,girl
Mckayla,girl
Quinn,girl
Jaelynn,girl
Jaida,girl
Caylee,girl
Jaiden,girl
Melina,girl
Abril,girl
Sidney,girl
Kassandra,girl
Elisabeth,girl
Adalyn,girl
Kaylynn,girl
Mercedes,girl
Yesenia,girl
Elliana,girl
Brylee,girl
Dylan,girl
Isabela,girl
Ryan,girl
Ashlee,girl
Daphne,girl
Kenya,girl
Marina,girl
Christine,girl
Mikaela,girl
Kaitlynn,girl
Justice,girl
Saniyah,girl
Jaliyah,girl
Ingrid,girl
Marie,girl
Natalee,girl
Joy,girl
Juliette,girl
Simone,girl
Adelaide,girl
Krystal,girl
Kennedi,girl
Mila,girl
Tamia,girl
Addisyn,girl
Aylin,girl
Dayanara,girl
Sylvia,girl
Clarissa,girl
Maritza,girl
Virginia,girl
Braelyn,girl
Jolie,girl
Jaidyn,girl
Kinsley,girl
Kirsten,girl
Laney,girl
Marilyn,girl
Whitney,girl
Janessa,girl
Raquel,girl
Anika,girl
Kamila,girl
Aria,girl
Rubi,girl
Adelyn,girl
Amara,girl
Ayanna,girl
Teresa,girl
Zariah,girl
Kaleigh,girl
Amani,girl
Carla,girl
Yareli,girl
Gwendolyn,girl
Paulina,girl
Nathalie,girl
Annabella,girl
Jaylin,girl
Tabitha,girl
Deanna,girl
Madalynn,girl
Journey,girl
Aiyana,girl
Skyla,girl
Yaretzi,girl
Ada,girl
Liana,girl
Karlee,girl
Jenny,girl
Myla,girl
Cristina,girl
Myah,girl
Lisa,girl
Tania,girl
Isis,girl
Jayleen,girl
Jordin,girl
Arely,girl
Azul,girl
Helena,girl
Aryanna,girl
Jaqueline,girl
Lucille,girl
Destinee,girl
Martha,girl
Zoie,girl
Arielle,girl
Liberty,girl
Marlene,girl
Elisa,girl
Isla,girl
Noemi,girl
Raven,girl
Jessie,girl
Aleah,girl
Kailee,girl
Kaliyah,girl
Lilyana,girl
Haven,girl
Tara,girl
Giana,girl
Camilla,girl
Maliyah,girl
Irene,girl
Carley,girl
Maeve,girl
Lea,girl
Macey,girl
Sharon,girl
Alisha,girl
Marisa,girl
Jaylene,girl
Kaya,girl
Scarlet,girl
Siena,girl
Adyson,girl
Maia,girl
Shiloh,girl
Tiana,girl
Jaycee,girl
Gisselle,girl
Yazmin,girl
Eve,girl
Shyanne,girl
Arabella,girl
Sherlyn,girl
Sariah,girl
Amiya,girl
Kiersten,girl
Madilynn,girl
Shania,girl
Aleena,girl
Finley,girl
Kinley,girl
Kaia,girl
Aliya,girl
Taliyah,girl
Pamela,girl
Yoselin,girl
Ellen,girl
Carlie,girl
Monserrat,girl
Jakayla,girl
Reyna,girl
Yaritza,girl
Carolyn,girl
Clare,girl
Lorelei,girl
Paula,girl
Zaria,girl
Gracelyn,girl
Kasey,girl
Regan,girl
Alena,girl
Angelique,girl
Regina,girl
Britney,girl
Emilie,girl
Mariam,girl
Jaylee,girl
Julianne,girl
Greta,girl
Elyse,girl
Lainey,girl
Kallie,girl
Felicity,girl
Zion,girl
Aspen,girl
Carlee,girl
Annalise,girl
Iliana,girl
Larissa,girl
Akira,girl
Sonia,girl
Catalina,girl
Phoenix,girl
Joslyn,girl
Anabelle,girl
Mollie,girl
Susan,girl
Judith,girl
Destiney,girl
Hillary,girl
Janet,girl
Katrina,girl
Mareli,girl
Ansley,girl
Kaylyn,girl
Alexus,girl
Gia,girl
Maci,girl
Elsa,girl
Stacy,girl
Kaylen,girl
Carissa,girl
Haleigh,girl
Lorena,girl
Jazlynn,girl
Milagros,girl
Luz,girl
Leanna,girl
Renee,girl
Shaniya,girl
Charlie,girl
Abbie,girl
Cailyn,girl
Cherish,girl
Elsie,girl
Jazmyn,girl
Elaine,girl
Emmalee,girl
Luciana,girl
Dahlia,girl
Jamya,girl
Belinda,girl
Mariyah,girl
Chaya,girl
Dayami,girl
Rhianna,girl
Yadira,girl
Aryana,girl
Rosemary,girl
Armani,girl
Cecelia,girl
Celia,girl
Barbara,girl
Cristal,girl
Eileen,girl
Rayna,girl
Campbell,girl
Amina,girl
Aisha,girl
Amirah,girl
Ally,girl
Araceli,girl
Averie,girl
Mayra,girl
Sanaa,girl
Patience,girl
Leyla,girl
Selah,girl
Zara,girl
Chanel,girl
Kaiya,girl
Keyla,girl
Miah,girl
Aimee,girl
Giovanna,girl
Amelie,girl
Kelsie,girl
Alisson,girl
Angeline,girl
Dominique,girl
Adrienne,girl
Brisa,girl
Cierra,girl
Paloma,girl
Isabell,girl
Precious,girl
Alma,girl
Charity,girl
Jacquelyn,girl
Janae,girl
Frances,girl
Shyla,girl
Janiah,girl
Kierra,girl
Karlie,girl
Annabel,girl
Jacey,girl
Karissa,girl
Jaylah,girl
Xiomara,girl
Edith,girl
Marianna,girl
Damaris,girl
Deborah,girl
Jaylyn,girl
Evelin,girl
Mara,girl
Olive,girl
Ayana,girl
India,girl
Kendal,girl
Kayley,girl
Tamara,girl
Briley,girl
Charlee,girl
Nylah,girl
Abbey,girl
Moriah,girl
Saige,girl
Savanah,girl
Giada,girl
Hana,girl
Lizeth,girl
Matilda,girl
Ann,girl
Jazlene,girl
Gillian,girl
Beatrice,girl
Ireland,girl
Karly,girl
Mylie,girl
Yasmine,girl
Ashly,girl
Kenna,girl
Maleah,girl
Corinne,girl
Keely,girl
Tanya,girl
Tianna,girl
Adalynn,girl
Ryann,girl
Salma,girl
Areli,girl
Karma,girl
Shyann,girl
Kaley,girl
Theresa,girl
Evie,girl
Gina,girl
Roselyn,girl
Kaila,girl
Jaylen,girl
Natalya,girl
Meadow,girl
Rayne,girl
Aliza,girl
Yuliana,girl
June,girl
Lilianna,girl
Nathaly,girl
Ali,girl
Alisa,girl
Aracely,girl
Belen,girl
Tess,girl
Jocelynn,girl
Litzy,girl
Makena,girl
Abagail,girl
Giuliana,girl
Joyce,girl
Libby,girl
Lillianna,girl
Thalia,girl
Tia,girl
Sarahi,girl
Zaniyah,girl
Kristin,girl
Lorelai,girl
Mattie,girl
Taniya,girl
Jaslyn,girl
Gemma,girl
Valery,girl
Lailah,girl
Mckinley,girl
Micah,girl
Deja,girl
Frida,girl
Brynlee,girl
Jewel,girl
Krista,girl
Mira,girl
Yamilet,girl
Adison,girl
Carina,girl
Karli,girl
Magdalena,girl
Stephany,girl
Charlize,girl
Raelynn,girl
Aliana,girl
Cassie,girl
Mina,girl
Karley,girl
Shirley,girl
Marlie,girl
Alani,girl
Taniyah,girl
Cloe,girl
Sanai,girl
Lina,girl
Nola,girl
Anabella,girl
Dalia,girl
Raina,girl
Mariela,girl
Ariella,girl
Bria,girl
Kamari,girl
Monique,girl
Ashleigh,girl
Reina,girl
Alia,girl
Ashanti,girl
Lara,girl
Lilia,girl
Justine,girl
Leia,girl
Maribel,girl
Abigayle,girl
Tiara,girl
Alannah,girl
Princess,girl
Sydnee,girl
Kamora,girl
Paityn,girl
Payten,girl
Naima,girl
Gretchen,girl
Heidy,girl
Nyasia,girl
Livia,girl
Marin,girl
Shaylee,girl
Maryjane,girl
Laci,girl
Nathalia,girl
Azaria,girl
Anabel,girl
Chasity,girl
Emmy,girl
Izabelle,girl
Denisse,girl
Emelia,girl
Mireya,girl
Shea,girl
Amiah,girl
Dixie,girl
Maren,girl
Averi,girl
Esperanza,girl
Micaela,girl
Selina,girl
Alyvia,girl
Chana,girl
Avah,girl
Donna,girl
Kaylah,girl
Ashtyn,girl
Karsyn,girl
Makaila,girl
Shayna,girl
Essence,girl
Leticia,girl
Miya,girl
Rory,girl
Desirae,girl
Kianna,girl
Laurel,girl
Neveah,girl
Amaris,girl
Hadassah,girl
Dania,girl
Hailie,girl
Jamiya,girl
Kathy,girl
Laylah,girl
Riya,girl
Diya,girl
Carleigh,girl
Iyana,girl
Kenley,girl
Sloane,girl
Elianna,girl
